{
    "url": {
        "m0": "http://www.dailyscript.com/scripts/10Things.html",
        "m1": "http://www.hundland.org/scripts/1492-ConquestOfParadise.txt",
        "m2": "http://www.dailyscript.com/scripts/15minutes.html",
        "m3": "http://www.scifiscripts.com/scripts/2001.txt",
        "m4": "http://www.awesomefilm.com/script/48hours.txt",
        "m5": "http://www.scifiscripts.com/scripts/5thelement.txt",
        "m6": "http://www.dailyscript.com/scripts/eight-millimeter.html",
        "m7": "http://www.hundland.org/scripts/A-Nightmare-on-Elm-Street-4.txt",
        "m8": "http://www.hundland.org/scripts/A-Nightmare-on-Elm-Street-5.txt",
        "m9": "http://leonscripts.tripod.com/scripts/ATOMICSUB.htm",
        "m10": "http://www.dailyscript.com/scripts/Affliction.txt",
        "m11": "http://www.dailyscript.com/scripts/AirForceOne_TXT.html",
        "m12": "http://www.dailyscript.com/scripts/Airplane2_script.htm",
        "m13": "http://www.dailyscript.com/scripts/Airplane_script.htm",
        "m14": "http://www.dailyscript.com/scripts/Alien_Nation_Bannon_Cameron_October_1987.html",
        "m15": "http://www.horrorlair.com/scripts/aliens.html",
        "m16": "http://www.dailyscript.com/scripts/Amadeus.txt",
        "m17": "http://www.dailyscript.com/scripts/American%20Werewolf%20In%20London,%20An.txt",
        "m18": "http://www.dailyscript.com/scripts/American_Madness.html",
        "m19": "http://www.dailyscript.com/scripts/American_Outlaws.html",
        "m20": "http://www.dailyscript.com/scripts/american_psycho_unproduced.html",
        "m21": "http://www.dailyscript.com/scripts/Antitrust.txt",
        "m22": "http://www.dailyscript.com/scripts/Austin%20Powers%20-%20International%20Man%20Of%20Mystery.txt",
        "m23": "http://www.dailyscript.com/scripts/Avengers.html",
        "m24": "http://www.dailyscript.com/scripts/Bachelor%20Party.txt",
        "m25": "http://www.dailyscript.com/scripts/Backdraft%20(1991).txt",
        "m26": "http://www.dailyscript.com/scripts/Bad%20Lieutenant.txt",
        "m27": "http://www.awesomefilm.com/script/Bamboozled.txt",
        "m28": "http://www.dailyscript.com/scripts/BarryLyndon.html",
        "m29": "http://www.dailyscript.com/scripts/Basic.txt",
        "m30": "http://www.dailyscript.com/scripts/Big+Fish.txt",
        "m31": "http://www.dailyscript.com/scripts/Birthday+Girl.txt",
        "m32": "http://www.dailyscript.com/scripts/Black%20Snake%20Moan.txt",
        "m33": "http://www.angelfire.com/movies/ridleyscott/script/BlackRain.txt",
        "m34": "http://www.dailyscript.com/scripts/blade-runner_shooting.html",
        "m35": "http://www.hundland.org/scripts/Blast-from-the-Past.htm",
        "m36": "http://www.dailyscript.com/scripts/Blue+Velvet.txt",
        "m37": "http://www.dailyscript.com/scripts/Boondock%20Saints,%20The.txt",
        "m38": "http://www.dailyscript.com/scripts/Bottle+Rocket.txt",
        "m39": "http://www.dailyscript.com/scripts/Bourne+Supremacy,+The.txt",
        "m40": "http://www.dailyscript.com/scripts/Braveheart.txt",
        "m41": "http://www.dailyscript.com/scripts/Butterfly+Effect,+The.txt",
        "m42": "http://www.dailyscript.com/scripts/Casablanca.txt",
        "m43": "http://www.hundland.org/scripts/CastAway.txt",
        "m44": "http://www.dailyscript.com/scripts/Cider%20House%20Rules,%20The.txt",
        "m45": "http://www.dailyscript.com/scripts/Confidence.txt",
        "m46": "http://www.dailyscript.com/scripts/Croupier.txt",
        "m47": "http://www.dailyscript.com/scripts/Dark+Star.txt",
        "m48": "http://www.hundland.org/scripts/DarkAngel.txt",
        "m49": "http://www.dailyscript.com/scripts/Detroit+Rock+City.txt",
        "m50": "http://www.dailyscript.com/scripts/Donnie+Darko.txt",
        "m51": "http://www.dailyscript.com/scripts/Drop+Dead+Gorgeous.txt",
        "m52": "http://www.dailyscript.com/scripts/Duck%20Soup.txt",
        "m53": "http://www.dailyscript.com/scripts/Elephant+Man,+The.txt",
        "m54": "http://www.dailyscript.com/scripts/Erik+The+Viking.txt",
        "m55": "http://www.dailyscript.com/scripts/Eternal+Sunshine+Of+The+Spotless+Mind.txt",
        "m56": "http://www.dailyscript.com/scripts/Even%20Cowgirls%20Get%20The%20Blues.txt",
        "m57": "http://www.dailyscript.com/scripts/Event%20Horizon.txt",
        "m58": "http://www.dailyscript.com/scripts/Fantastic+Four.txt",
        "m59": "http://www.dailyscript.com/scripts/Fast+Times+At+Ridgemont+High.txt",
        "m60": "http://www.dailyscript.com/scripts/Fear+&+Loathing+In+Las+Vegas.txt",
        "m61": "http://www.dailyscript.com/scripts/Feast%20-%20Revised%20Draft.txt",
        "m62": "http://www.dailyscript.com/scripts/Frances.txt",
        "m63": "http://www.dailyscript.com/scripts/Frankenstein+(1994).txt",
        "m64": "http://www.dailyscript.com/scripts/Friday%20The%2013th.txt",
        "m65": "http://www.dailyscript.com/scripts/From%20Dusk%20Till%20Dawn.txt",
        "m66": "http://www.angelfire.com/movies/ridleyscott/script/GIJane.txt",
        "m67": "http://www.scifiscripts.com/scripts/GODZILLAfirst.txt",
        "m68": "http://www.scifiscripts.com/scripts/GalaxyQuest.txt",
        "m69": "http://www.fortunecity.com/tattooine/clarke/38/scripts/GeorgeWashington.txt",
        "m70": "http://www.dailyscript.com/scripts/Get+Shorty.txt",
        "m71": "http://www.whiskeyloosetongue.com/scripts/ghostship.html",
        "m72": "http://www.dailyscript.com/scripts/Ghost%20World.txt",
        "m73": "http://www.dailyscript.com/scripts/Ghost%20And%20The%20Darkness,%20The.txt",
        "m74": "http://www.scifiscripts.com/scripts/Ghostbusters-2.txt",
        "m75": "http://www.scifiscripts.com/scripts/Ghostbusters.txt",
        "m76": "http://www.angelfire.com/movies/ridleyscott/script/gladiator_seconddraft.txt",
        "m77": "http://www.dailyscript.com/scripts/Graduate,+The.txt",
        "m78": "http://www.dailyscript.com/scripts/Grand%20Hotel.txt",
        "m79": "http://www.dailyscript.com/scripts/Grifters_Westlake.html",
        "m80": "http://www.horrorlair.com/scripts/H20.txt",
        "m81": "http://www.dailyscript.com/scripts/Halloween_6_The_Curse_of_Michael_Myers.html",
        "m82": "http://www.dailyscript.com/scripts/Happy_Birthday_Wanda_JUne.html",
        "m83": "http://www.dailyscript.com/scripts/Hardcore.txt",
        "m84": "http://home.online.no/~bhundlan/scripts/Harold-and-Maude.htm",
        "m85": "http://www.dailyscript.com/scripts/Hellbound+-+Hellraiser+II.txt",
        "m86": "http://www.dailyscript.com/scripts/Hellboy.txt",
        "m87": "http://www.dailyscript.com/scripts/Hellraiser.txt",
        "m88": "http://www.dailyscript.com/scripts/High%20Fidelity.txt",
        "m89": "http://www.scifiscripts.com/scripts/Highlander_final.txt",
        "m90": "http://www.dailyscript.com/scripts/His%20Girl%20Friday.txt",
        "m91": "http://www.dailyscript.com/scripts/Hope+And+Glory.txt",
        "m92": "http://www.dailyscript.com/scripts/House%20Of%201000%20Corpses.txt",
        "m93": "http://www.dailyscript.com/scripts/Human+Nature.txt",
        "m94": "http://www.dailyscript.com/scripts/Hustler,+The.txt",
        "m95": "http://www.horrorlair.com/scripts/legend.txt",
        "m96": "http://leonscripts.tripod.com/scripts/INVADERSold.htm",
        "m97": "http://www.dailyscript.com/scripts/Independence+Day.txt",
        "m98": "http://www.dailyscript.com/scripts/Indiana%20Jones%20And%20The%20Last%20Crusade.txt",
        "m99": "http://www.dailyscript.com/scripts/Indiana%20Jones%20And%20The%20Temple%20Of%20Doom.txt",
        "m100": "http://www.scifiscripts.com/scripts/InnerSpace.txt",
        "m101": "http://www.dailyscript.com/scripts/Insider,+The.txt",
        "m102": "http://www.dailyscript.com/scripts/Intolerable%20Cruelty.txt",
        "m103": "http://www.dailyscript.com/scripts/It+Happened+One+Night.txt",
        "m104": "http://www.dailyscript.com/scripts/JFK.txt",
        "m105": "http://www.dailyscript.com/scripts/Jackie+Brown.txt",
        "m106": "http://www.dailyscript.com/scripts/Jacobs+Ladder.txt",
        "m107": "http://www.dailyscript.com/scripts/Jason+X.txt",
        "m108": "http://www.dailyscript.com/scripts/Jaws.txt",
        "m109": "http://www.dailyscript.com/scripts/Juno.txt",
        "m110": "http://www.dailyscript.com/scripts/Kalifornia.txt",
        "m111": "http://www.dailyscript.com/scripts/Kids.txt",
        "m112": "http://www.scifiscripts.com/msol/Knight_m.txt",
        "m113": "http://www.dailyscript.com/scripts/Krull.html",
        "m114": "http://www.scifiscripts.com/msol/LEON.txt",
        "m115": "http://www.fortunecity.com/tattooine/clarke/38/scripts/LaborOfLove.txt",
        "m116": "http://www.dailyscript.com/scripts/Leaving+Las+Vegas.txt",
        "m117": "http://www.dailyscript.com/scripts/Legally%20Blonde.txt",
        "m118": "http://www.angelfire.com/movies/ridleyscott/script/LegendOfDarkness.txt",
        "m119": "http://www.dailyscript.com/scripts/LifeAsAHouse.html",
        "m120": "http://www.dailyscript.com/scripts/Life.txt",
        "m121": "http://www.dailyscript.com/scripts/Little+Nicky.txt",
        "m122": "http://www.dailyscript.com/scripts/Logans+Run.txt",
        "m123": "http://www.dailyscript.com/scripts/Lost+Highway.txt",
        "m124": "http://www.dailyscript.com/scripts/Lost_Horizon.html",
        "m125": "http://www.dailyscript.com/scripts/Men+In+Black.txt",
        "m126": "http://www.dailyscript.com/scripts/Minority%20Report.txt",
        "m127": "http://www.dailyscript.com/scripts/Made.txt",
        "m128": "http://www.dailyscript.com/scripts/Malcolm+X.txt",
        "m129": "http://www.dailyscript.com/scripts/Man+On+Fire.txt",
        "m130": "http://www.dailyscript.com/scripts/Marty.txt",
        "m131": "http://www.dailyscript.com/scripts/MASH.txt",
        "m132": "http://www.dailyscript.com/scripts/Meet_John_Doe.html",
        "m133": "http://www.dailyscript.com/scripts/Metro.txt",
        "m134": "http://www.angelfire.com/movies/ridleyscott/script/Metropolis.txt",
        "m135": "http://www.hundland.org/scripts/MightyMorphinPowerRangers.txt",
        "m136": "http://www.dailyscript.com/scripts/Mobsters.txt",
        "m137": "http://www.dailyscript.com/scripts/MonkeyBone_script.htm",
        "m138": "http://www.moviemalls.com/papers/MotherDreamsFD.txt",
        "m139": "http://www.dailyscript.com/scripts/Mr%20Smith%20Goes%20To%20Washington.txt",
        "m140": "http://www.dailyscript.com/scripts/Mr._Deeds_Goes_to_Town.html",
        "m141": "http://www.dailyscript.com/scripts/Mumford.txt",
        "m142": "http://www.dailyscript.com/scripts/Mummy,+The.txt",
        "m143": "http://www.dailyscript.com/scripts/Mystery+Men.txt",
        "m144": "http://web.archive.org/web/20010625040837/www.interlink.es/cookies/guion/Napoleon.txt",
        "m145": "http://www.dailyscript.com/scripts/Next_Friday.html",
        "m146": "http://www.dailyscript.com/scripts/Nick-Of-Time-script.html",
        "m147": "http://www.dailyscript.com/scripts/Night+Of+The+Hunter,+The.txt",
        "m148": "http://www.dailyscript.com/scripts/Nightmare+On+Elm+Street,+A.txt",
        "m149": "http://www.dailyscript.com/scripts/Ninotchka.txt",
        "m150": "http://home.online.no/~bhundlan/scripts/Nixon.txt",
        "m151": "http://www.dailyscript.com/scripts/No%20Country%20For%20Old%20Men%20(Shooting).txt",
        "m152": "http://www.dailyscript.com/scripts/Nurse%20Betty.txt",
        "m153": "http://www.dailyscript.com/scripts/O%20Brother%20Where%20Art%20Thou.txt",
        "m154": "http://www.dailyscript.com/scripts/Officer+And+A+Gentleman,+An.txt",
        "m155": "http://www.dailyscript.com/scripts/Panic_Room_Koepp.html",
        "m156": "http://www.dailyscript.com/scripts/Panther.txt",
        "m157": "http://www.dailyscript.com/scripts/Patriot_1999.html",
        "m158": "http://www.dailyscript.com/scripts/Pet-Sematary.html",
        "m159": "http://www.wordplayer.com/archives/PIRATES.cover.html",
        "m160": "http://www.scifiscripts.com/scripts/PlasticMan.txt",
        "m161": "http://www.dailyscript.com/scripts/Platinum_Blonde.html",
        "m162": "http://www.hundland.org/scripts/Pleasantville.htm",
        "m163": "http://www.dailyscript.com/scripts/Punch-Drunk_Love.html",
        "m164": "http://www.dailyscript.com/scripts/Quills.txt",
        "m165": "http://www.dailyscript.com/scripts/RKO218.html",
        "m166": "http://www.dailyscript.com/scripts/Raging+Bull.txt",
        "m167": "http://www.dailyscript.com/scripts/Rear+Window.txt",
        "m168": "http://www.dailyscript.com/scripts/Rebel_Without_A_Cause.html",
        "m169": "http://www.dailyscript.com/scripts/Reindeer+Games.txt",
        "m170": "http://www.dailyscript.com/scripts/Reservoir+Dogs.txt",
        "m171": "http://www.dailyscript.com/scripts/Roughshod.txt",
        "m172": "http://www.dailyscript.com/scripts/Scary+Movie+2.txt",
        "m173": "http://www.dailyscript.com/scripts/Serial+Mom.txt",
        "m174": "http://www.dailyscript.com/scripts/SeventhVictim.htm",
        "m175": "http://www.dailyscript.com/scripts/Sex+Lies+And+Videotape.txt",
        "m176": "http://www.dailyscript.com/scripts/Shivers.txt",
        "m177": "http://www.horrorlair.com/scripts/ShockTreatmentShootingScript.txt",
        "m178": "http://www.dailyscript.com/scripts/Sideways.txt",
        "m179": "http://www.dailyscript.com/scripts/Signs.txt",
        "m180": "http://www.dailyscript.com/scripts/Silverado.txt",
        "m181": "http://www.dailyscript.com/scripts/Simone_Andrew_Niccol.html",
        "m182": "http://www.dailyscript.com/scripts/Sixth%20Sense,%20The.txt",
        "m183": "http://www.dailyscript.com/scripts/Slash.txt",
        "m184": "http://www.dailyscript.com/scripts/SliTHER.html",
        "m185": "http://www.dailyscript.com/scripts/Smokey%20And%20The%20Bandit.txt",
        "m186": "http://www.dailyscript.com/scripts/Smokin'+Aces.txt",
        "m187": "http://www.dailyscript.com/scripts/Solaris.txt",
        "m188": "http://www.angelfire.com/movies/ridleyscott/script/SomeoneToWatchOverMe.txt",
        "m189": "http://www.dailyscript.com/scripts/Spider-Man%20(Unproduced).txt",
        "m190": "http://www.dailyscript.com/scripts/Stalag%2017.txt",
        "m191": "http://www.scifiscripts.com/scripts/StarTrekGenerations.txt",
        "m192": "http://www.scifiscripts.com/scripts/Trek/Star_Trek_III.htm",
        "m193": "http://www.scifiscripts.com/scripts/startrek2_wrathofkhan.txt",
        "m194": "http://www.scifiscripts.com/scripts/Trek/Star_Trek_IV.htm",
        "m195": "http://www.scifiscripts.com/scripts/Trek/Star_Trek_IX.htm",
        "m196": "http://www.scifiscripts.com/scripts/Trek/Star_Trek_VIII.htm",
        "m197": "http://www.scifiscripts.com/scripts/StarTrek6-TheUndiscoveredCountry.txt",
        "m198": "http://www.scifiscripts.com/scripts/Trek/Star_Trek_X.htm",
        "m199": "http://www.dailyscript.com/scripts/Starman.txt",
        "m200": "http://www.scifiscripts.com/scripts/StrangeDays.txt",
        "m201": "http://www.dailyscript.com/scripts/Suspect%20Zero%20(Unproduced).txt",
        "m202": "http://www.dailyscript.com/scripts/Swingers.txt",
        "m203": "http://www.dailyscript.com/scripts/Godfather,%20The.txt",
        "m204": "http://www.dailyscript.com/scripts/Talented%20Mr%20Ripley,%20The.txt",
        "m205": "http://www.dailyscript.com/scripts/Taxi%20Driver.txt",
        "m206": "http://www.awesomefilm.com/script/The-Rock.txt",
        "m207": "http://www.dailyscript.com/scripts/Majestic,+The.txt",
        "m208": "http://www.dailyscript.com/scripts/Birds,%20The.txt",
        "m209": "http://www.dailyscript.com/scripts/TheBodySnatcher.htm",
        "m210": "http://www.hundland.org/scripts/TheCrowSalvation.htm",
        "m211": "http://www.dailyscript.com/scripts/Day%20The%20Earth%20Stood%20Still,%20The.txt",
        "m212": "http://home.online.no/~bhundlan/scripts/TheLostBoys.htm",
        "m213": "http://www.dailyscript.com/scripts/Thing,+The.txt",
        "m214": "http://www.dailyscript.com/scripts/TheTimeMachine_1959.html",
        "m215": "http://www.dailyscript.com/scripts/The_Jacket.html",
        "m216": "http://www.dailyscript.com/scripts/Thelma%20And%20Louise.txt",
        "m217": "http://www.dailyscript.com/scripts/There's+Something+About+Mary.txt",
        "m218": "http://www.dailyscript.com/scripts/Thirteen+Days.txt",
        "m219": "http://www.dailyscript.com/scripts/Thunderheart.txt",
        "m220": "http://www.dailyscript.com/scripts/TopGun.html",
        "m221": "http://www.scifiscripts.com/scripts/totalrecall_5th_draft.txt",
        "m222": "http://home.online.no/~bhundlan/scripts/Tremors.htm",
        "m223": "http://www.dailyscript.com/scripts/True%20Believer.txt",
        "m224": "http://www.dailyscript.com/scripts/Twin+Peaks+-+Fire+Walk+With+Me.txt",
        "m225": "http://www.dailyscript.com/scripts/Verdict,+The.txt",
        "m226": "http://www.scifiscripts.com/scripts/WARWORLDS.txt",
        "m227": "http://www.hundland.org/scripts/WesCravensNewNightmare.txt",
        "m228": "http://www.angelfire.com/movies/ridleyscott/script/WhiteSquall.txt",
        "m229": "http://www.dailyscript.com/scripts/Wild+At+Heart.txt",
        "m230": "http://www.dailyscript.com/scripts/Wonder+Boys.txt",
        "m231": "http://www.dailyscript.com/scripts/Woodsman,+The.txt",
        "m232": "http://www.dailyscript.com/scripts/abyss.html",
        "m233": "http://www.aellea.com/script/adventure.txt",
        "m234": "http://www.awesomefilm.com/script/agnesofgod.txt",
        "m235": "http://www.dailyscript.com/scripts/Hard+Day's+Night,+A.txt",
        "m236": "http://www.horrorlair.com/scripts/alien.html",
        "m237": "http://www.scifiscripts.com/scripts/aliens_vs_predator.txt",
        "m238": "http://www.dailyscript.com/scripts/All%20About%20Eve.txt",
        "m239": "http://www.dailyscript.com/scripts/All%20The%20President's%20Men.txt",
        "m240": "http://www.dailyscript.com/scripts/american-pie_production.html",
        "m241": "http://www.scifiscripts.com/scripts/american_werewolf_paris.txt",
        "m242": "http://www.moviescriptsandscreenplays.com/johncusack/scripts/anastasia.txt",
        "m243": "http://www.dailyscript.com/scripts/Annie%20Hall.txt",
        "m244": "http://www.dailyscript.com/scripts/anniversaryparty.html",
        "m245": "http://www.dailyscript.com/scripts/antz.html",
        "m246": "http://www.dailyscript.com/scripts/apartment.html",
        "m247": "http://www.dailyscript.com/scripts/apocalypsenowredux.html",
        "m248": "http://www.awesomefilm.com/script/arcticblue.txt",
        "m249": "http://www.dailyscript.com/scripts/As+Good+As+It+Gets.txt",
        "m250": "http://www.dailyscript.com/scripts/assassins_shooting.html",
        "m251": "http://www.awesomefilm.com/script/asylum.txt",
        "m252": "http://www.dailyscript.com/scripts/awalktoremember.html",
        "m253": "http://www.scifiscripts.com/scripts/backtothefuture_early.txt",
        "m254": "http://www.dailyscript.com/scripts/Badlands.txt",
        "m255": "http://www.scifiscripts.com/scripts/banzai_script.txt",
        "m256": "http://www.dailyscript.com/scripts/Barton%20Fink.txt",
        "m257": "http://www.dailyscript.com/scripts/basic_instinct.html",
        "m258": "http://www.awesomefilm.com/script/basquiat.txt",
        "m259": "http://www.dailyscript.com/scripts/batman-returns_shooting.html",
        "m260": "http://www.scifiscripts.com/scripts/batmanandrobin.txt",
        "m261": "http://www.scifiscripts.com/scripts/batmanforever.txt",
        "m262": "http://www.scifiscripts.com/scripts/batmanscript1.txt",
        "m263": "http://www.awesomefilm.com/script/bean.html",
        "m264": "http://www.dailyscript.com/scripts/beavis_and_butthead_do_america.html",
        "m265": "http://www.dailyscript.com/scripts/beetlejuice_skaaren_final.html",
        "m266": "http://www.dailyscript.com/scripts/Being+There.txt",
        "m267": "http://www.dailyscript.com/scripts/beingjohnmalkovich.html",
        "m268": "http://www.dailyscript.com/scripts/beloved_lagravenese.html",
        "m269": "http://www.dailyscript.com/scripts/Big%20Lebowski,%20The.txt",
        "m270": "http://www.dailyscript.com/scripts/black-dahlia_early.html",
        "m271": "http://www.horrorlair.com/scripts/blade2.html",
        "m272": "http://www.horrorlair.com/scripts/blade.html",
        "m273": "http://www.dailyscript.com/scripts/blair-witch-2.html",
        "m274": "http://www.dailyscript.com/scripts/Blood%20Simple.txt",
        "m275": "http://www.horrorlair.com/scripts/bloodmoon.html",
        "m276": "http://www.dailyscript.com/scripts/blow.html",
        "m277": "http://www.dailyscript.com/scripts/boa.html",
        "m278": "http://www.awesomefilm.com/script/bodyofevidence.txt",
        "m279": "http://www.awesomefilm.com/script/bomc.txt",
        "m280": "http://www.horrorlair.com/HorrorWorld/newyork/bones.html",
        "m281": "http://www.hundland.org/scripts/Bound_FirstDraft.txt",
        "m282": "http://www.dailyscript.com/scripts/Bourne+Identity,+The.txt",
        "m283": "http://www.scifiscripts.com/scripts/brazil.txt",
        "m284": "http://www.dailyscript.com/scripts/Bringing+Out+The+Dead.txt",
        "m285": "http://www.dailyscript.com/scripts/broadc_news.html",
        "m286": "http://www.scifiscripts.com/msol/bucket_of_blood.txt",
        "m287": "http://www.dailyscript.com/scripts/buffy_the_vampire_slayer.html",
        "m288": "http://www.dailyscript.com/scripts/Bull+Durham.txt",
        "m289": "http://www.dailyscript.com/scripts/Casino.txt",
        "m290": "http://www.scifiscripts.com/scripts/catwoman.txt",
        "m291": "http://www.dailyscript.com/scripts/cellular_cohen.html",
        "m292": "http://www.dailyscript.com/scripts/Crying%20Game,%20The.txt",
        "m293": "http://www.dailyscript.com/scripts/Charade.txt",
        "m294": "http://www.scifiscripts.com/msol/cherryfalls.txt",
        "m295": "http://www.awesomefilm.com/script/chillfactor.html",
        "m296": "http://www.dailyscript.com/scripts/Chinatown.txt",
        "m297": "http://www.dailyscript.com/scripts/cinema_paradiso.html",
        "m298": "http://www.aellea.com/script/citizenkane_script.txt",
        "m299": "http://www.dailyscript.com/scripts/Clerks.txt",
        "m300": "http://www.dailyscript.com/scripts/cliffhanger_stallone.html",
        "m301": "http://www.scifiscripts.com/scripts/clockwork.txt",
        "m302": "http://www.dailyscript.com/scripts/collateral_darabont.html",
        "m303": "http://www.dailyscript.com/scripts/conspiracy-theory.html",
        "m304": "http://www.scifiscripts.com/scripts/contact.txt",
        "m305": "http://www.aellea.com/script/cool_hand_luke.html",
        "m306": "http://www.dailyscript.com/scripts/copycat.html",
        "m307": "http://www.dailyscript.com/scripts/Crash+(1996).txt",
        "m308": "http://www.dailyscript.com/scripts/crazy_love.html",
        "m309": "http://www.dailyscript.com/scripts/crimespree.html",
        "m310": "http://www.awesomefilm.com/script/crouchingtiger.txt",
        "m311": "http://www.horrorlair.com/scripts/crow.txt",
        "m312": "http://www.dailyscript.com/scripts/cruel-intentions.html",
        "m313": "http://www.dailyscript.com/scripts/cursecat.htm",
        "m314": "http://www.horrorlair.com/scripts/cursethe.txt",
        "m315": "http://www.dailyscript.com/scripts/dark-city_early-rewrite.html",
        "m316": "http://www.scifiscripts.com/msol/dave.txt",
        "m317": "http://www.horrorlair.com/scripts/dayofthedead.txt",
        "m318": "http://www.dailyscript.com/scripts/Dead%20Poets%20Society.txt",
        "m319": "http://www.horrorlair.com/scripts/deeprising.txt",
        "m320": "http://www.dailyscript.com/scripts/deer_hunter.html",
        "m321": "http://www.dailyscript.com/scripts/demolition-man_production.html",
        "m322": "http://www.aellea.com/script/devilanddanielwebster.txt",
        "m323": "http://www.awesomefilm.com/script/diehard.html",
        "m324": "http://www.awesomefilm.com/script/dog_day_afternoon.txt",
        "m325": "http://www.dailyscript.com/scripts/domino.html",
        "m326": "http://www.awesomefilm.com/script/dotherightthing.txt",
        "m327": "http://web.archive.org/web/20040611014121/www.awesomefilm.com/script/dumbanddumberer.html",
        "m328": "http://www.scifiscripts.com/scripts/dune.txt",
        "m329": "http://www.dailyscript.com/scripts/ed-wood.html",
        "m330": "http://www.dailyscript.com/scripts/edtv.html",
        "m331": "http://www.dailyscript.com/scripts/election.html",
        "m332": "http://www.dailyscript.com/scripts/LA%20Confidential.txt",
        "m333": "http://www.dailyscript.com/scripts/enemyofthestate.html",
        "m334": "http://www.dailyscript.com/scripts/englishpatient.html",
        "m335": "http://www.dailyscript.com/scripts/entrapment_production.html",
        "m336": "http://www.dailyscript.com/scripts/Erin+Brockovich.txt",
        "m337": "http://www.scifiscripts.com/scripts/esb_final.txt",
        "m338": "http://www.scifiscripts.com/scripts/escape_pota.txt",
        "m339": "http://www.scifiscripts.com/scripts/escapela.txt",
        "m340": "http://www.dailyscript.com/scripts/Excalibur.txt",
        "m341": "http://www.horrorlair.com/scripts/exorcist.html",
        "m342": "http://www.dailyscript.com/scripts/Fabulous_Baker_boys_final.html",
        "m343": "http://www.dailyscript.com/scripts/faceoff_production.html",
        "m344": "http://www.dailyscript.com/scripts/familyman.html",
        "m345": "http://www.dailyscript.com/scripts/fantasticfour.html",
        "m346": "http://www.scifiscripts.com/scripts/fantasticvoyager.txt",
        "m347": "http://www.dailyscript.com/scripts/Fargo.txt",
        "m348": "http://www.scifiscripts.com/scripts/fight_club_shoot.txt",
        "m349": "http://www.dailyscript.com/scripts/final_destination2.html",
        "m350": "http://www.horrorlair.com/scripts/finaldestination.txt",
        "m351": "http://www.dailyscript.com/scripts/rambo_first_blood_2.html",
        "m352": "http://www.dailyscript.com/scripts/fisher-king_shooting.html",
        "m353": "http://www.dailyscript.com/scripts/fiveeasypieces.html",
        "m354": "http://www.dailyscript.com/scripts/fivefeetandrising.html",
        "m355": "http://www.dailyscript.com/scripts/Fletch.txt",
        "m356": "http://www.dailyscript.com/scripts/ford-fairlane_early.html",
        "m357": "http://www.dailyscript.com/scripts/frenchconnection.html",
        "m358": "http://www.dailyscript.com/scripts/frequency.html",
        "m359": "http://www.horrorlair.com/scripts/friday13th3.txt",
        "m360": "http://www.horrorlair.com/scripts/friday13th6.txt",
        "m361": "http://www.horrorlair.com/scripts/friday13thjasongoestohell.txt",
        "m362": "http://www.dailyscript.com/scripts/friday_13_8.html",
        "m363": "http://www.dailyscript.com/scripts/game_6.html",
        "m364": "http://www.dailyscript.com/scripts/Gandhi.txt",
        "m365": "http://www.dailyscript.com/scripts/gattaca_early.html",
        "m366": "http://www.dailyscript.com/scripts/getaway.html",
        "m367": "http://www.dailyscript.com/scripts/getcarter.html",
        "m368": "http://www.dailyscript.com/scripts/glengarry.html",
        "m369": "http://www.dailyscript.com/scripts/godfather2.html",
        "m370": "http://www.dailyscript.com/scripts/Gods%20And%20Monsters.txt",
        "m371": "http://www.dailyscript.com/scripts/gone_in_60_seconds.html",
        "m372": "http://www.dailyscript.com/scripts/goodfellas.html",
        "m373": "http://www.moviescriptsandscreenplays.com/BenandMatt/goodwillhunting.txt",
        "m374": "http://www.dailyscript.com/scripts/Grapes%20Of%20Wrath,%20The.txt",
        "m375": "http://www.dailyscript.com/scripts/Grosse%20Pointe%20Blank.txt",
        "m376": "http://www.awesomefilm.com/script/h_whispr.txt",
        "m377": "http://www.scifiscripts.com/scripts/hackers.txt",
        "m378": "http://www.horrorlair.com/scripts/halloween4.txt",
        "m379": "http://www.dailyscript.com/scripts/Halloween.txt",
        "m380": "http://www.dailyscript.com/scripts/Hannah%20And%20Her%20Sisters.txt",
        "m381": "http://www.dailyscript.com/scripts/Hannibal%20-%20Zaillian.txt",
        "m382": "http://www.dailyscript.com/scripts/happy-campers_early.html",
        "m383": "http://www.dailyscript.com/scripts/heathers_shooting.html",
        "m384": "http://www.awesomefilm.com/script/heavenlycreatures.html",
        "m385": "http://www.horrorlair.com/scripts/hellraiser_hellseeker_orig.html",
        "m386": "http://www.dailyscript.com/scripts/hero1.html",
        "m387": "http://www.dailyscript.com/scripts/hider-in-the-house.html",
        "m388": "http://www.scifiscripts.com/scripts/highlander3.txt",
        "m389": "http://home.online.no/~bhundlan/scripts/hostage.htm",
        "m390": "http://www.dailyscript.com/scripts/hotel_rwanda.html",
        "m391": "http://www.dailyscript.com/scripts/house-on-haunted-hill.html",
        "m392": "http://www.horrorlair.com/scripts/houseOfTheDamned.txt",
        "m393": "http://www.cenobite.com/library/hr3-910701.txt",
        "m394": "http://www.dailyscript.com/scripts/hudson-hawk_early.html",
        "m395": "http://www.dailyscript.com/scripts/Hudsucker%20Proxy,%20The.txt",
        "m396": "http://www.dailyscript.com/scripts/i-walked_with_a_zombie.html",
        "m397": "http://www.dailyscript.com/scripts/icestorm.html",
        "m398": "http://www.dailyscript.com/scripts/insomnia.html",
        "m399": "http://www.scifiscripts.com/scripts/interview.txt",
        "m400": "http://www.horrorlair.com/scripts/iskwydls.txt",
        "m401": "http://www.dailyscript.com/scripts/isleofthedead.htm",
        "m402": "http://www.aellea.com/script/itsawonderfullife.txt",
        "m403": "http://www.dailyscript.com/scripts/Jaws%202.txt",
        "m404": "http://www.horrorlair.com/scripts/jaws3_1st_draft.txt",
        "m405": "http://www.horrorlair.com/scripts/jaws_the_revenge.txt",
        "m406": "http://www.aellea.com/script/jazzsinger.txt",
        "m407": "http://www.dailyscript.com/scripts/jennifer-eight-script.html",
        "m408": "http://www.awesomefilm.com/script/jerryMaguire.txt",
        "m409": "http://www.dailyscript.com/scripts/jp3.html",
        "m410": "http://www.horrorlair.com/scripts/jurassic2_thw.txt",
        "m411": "http://www.scifiscripts.com/scripts/JurassicPark_1stDraft.txt",
        "m412": "http://www.horrorlair.com/scripts/jvsf_bm.txt",
        "m413": "http://www.dailyscript.com/scripts/kafka.html",
        "m414": "http://www.scifiscripts.com/scripts/kingkong.txt",
        "m415": "http://www.dailyscript.com/scripts/klute.html",
        "m416": "http://www.dailyscript.com/scripts/Kramer%20vs%20Kramer.txt",
        "m417": "http://www.dailyscript.com/scripts/Kundun.txt",
        "m418": "http://www.dailyscript.com/scripts/lake-placid.html",
        "m419": "http://www.horrorlair.com/scripts/lambsfinal.txt",
        "m420": "http://www.dailyscript.com/scripts/last-of-the-mohicans-script.html",
        "m421": "http://www.dailyscript.com/scripts/leviathan_shooting.html",
        "m422": "http://www.scifiscripts.com/msol/lockstock_screenplay.txt",
        "m423": "http://www.dailyscript.com/scripts/Lone%20Star.txt",
        "m424": "http://www.dailyscript.com/scripts/lordofillusions.html",
        "m425": "http://www.dailyscript.com/scripts/lost-in-translation-script.html",
        "m426": "http://www.horrorlair.com/scripts/lostsouls.txt",
        "m427": "http://www.dailyscript.com/scripts/love_and_basketball.html",
        "m428": "http://www.dailyscript.com/scripts/magnolia.html",
        "m429": "http://www.dailyscript.com/scripts/man_in_iron_mask_95.html",
        "m430": "http://www.awesomefilm.com/script/manhunt.html",
        "m431": "http://www.dailyscript.com/scripts/manhunter.html",
        "m432": "http://www.scifiscripts.com/msol/manonthemoon.txt",
        "m433": "http://www.scifiscripts.com/scripts/matrix_97_draft.txt",
        "m434": "http://www.dailyscript.com/scripts/meanstreet.html",
        "m435": "http://www.awesomefilm.com/script/meetjoeblack.txt",
        "m436": "http://www.dailyscript.com/scripts/memento.html",
        "m437": "http://www.dailyscript.com/scripts/miamivice.html",
        "m438": "http://www.dailyscript.com/scripts/Midnight%20Cowboy.txt",
        "m439": "http://www.dailyscript.com/scripts/midnightexpress.html",
        "m440": "http://www.dailyscript.com/scripts/mimic_production.html",
        "m441": "http://www.dailyscript.com/scripts/Misery.txt",
        "m442": "http://www.dailyscript.com/scripts/mission-impossible-2_shoot.html",
        "m443": "http://www.dailyscript.com/scripts/mission-impossible_shoot.html",
        "m444": "http://www.dailyscript.com/scripts/Moonstruck.txt",
        "m445": "http://www.angelfire.com/movies/closedcaptioned/mp-holy.txt",
        "m446": "http://www.dailyscript.com/scripts/mrs_brown.html",
        "m447": "http://www.awesomefilm.com/script/ms_arcad.txt",
        "m448": "http://www.dailyscript.com/scripts/mulholland_drive.html",
        "m449": "http://www.awesomefilm.com/script/murderland.html",
        "m450": "http://www.scifiscripts.com/msol/my_girl_2.html",
        "m451": "http://www.scifiscripts.com/msol/my_girl.html",
        "m452": "http://www.awesomefilm.com/script/mybestfriendswedding.txt",
        "m453": "http://www.dailyscript.com/scripts/nashville.html",
        "m454": "http://www.dailyscript.com/scripts/natural-born-killers_shoot.html",
        "m455": "http://www.aellea.com/emruf3/nbam.html",
        "m456": "http://www.angelfire.com/movies/moviefreak/negotiator.html",
        "m457": "http://www.scifiscripts.com/scripts/neuromancer.txt",
        "m458": "http://www.dailyscript.com/scripts/neverbeenkissed.html",
        "m459": "http://www.dailyscript.com/scripts/nightmare-b4-xmas_early.html",
        "m460": "http://www.horrorlair.com/scripts/nightmare_on_elm_street2.txt",
        "m461": "http://www.horrorlair.com/scripts/nightmare_on_elm_street3.txt",
        "m462": "http://www.awesomefilm.com/script/nothill.txt",
        "m463": "http://www.dailyscript.com/scripts/One%20Flew%20Over%20The%20Cuckoo's%20Nest.txt",
        "m464": "http://www.awesomefilm.com/script/onlyyou.html",
        "m465": "http://www.dailyscript.com/scripts/onthewaterfront.html",
        "m466": "http://www.horrorlair.com/HorrorWorld/edwood/orgyofthedead.html",
        "m467": "http://www.dailyscript.com/scripts/Out%20Of%20Sight.txt",
        "m468": "http://www.dailyscript.com/scripts/pearl_harbor_early.html",
        "m469": "http://www.dailyscript.com/scripts/peggysue.html",
        "m470": "http://www.dailyscript.com/scripts/petsemetaryii.html",
        "m471": "http://www.dailyscript.com/scripts/philadelphia.html",
        "m472": "http://www.dailyscript.com/scripts/pitch-black_shooting.html",
        "m473": "http://www.scifiscripts.com/scripts/POTA_Remake.txt",
        "m474": "http://www.dailyscript.com/scripts/Platoon.txt",
        "m475": "http://www.dailyscript.com/scripts/playback.html",
        "m476": "http://www.dailyscript.com/scripts/ploughmans_lunch.html",
        "m477": "http://www.awesomefilm.com/script/pointbreak.html",
        "m478": "http://www.scifiscripts.com/scripts/predator.txt",
        "m479": "http://www.awesomefilm.com/script/prettywoman.html",
        "m480": "http://www.dailyscript.com/scripts/Princess%20Bride,%20The.txt",
        "m481": "http://www.dailyscript.com/scripts/Producers,%20The.txt",
        "m482": "http://www.dailyscript.com/scripts/Psycho.txt",
        "m483": "http://www.aellea.com/script/qMANIAC.htm",
        "m484": "http://www.aellea.com/script/qVAMPYR.htm",
        "m485": "http://www.aellea.com/script/qWAX.htm",
        "m486": "http://www.dailyscript.com/scripts/quantumproject.html",
        "m487": "http://www.dailyscript.com/scripts/ramblingrose.html",
        "m488": "http://www.awesomefilm.com/script/redwhiteblackandblue.html",
        "m489": "http://www.scifiscripts.com/scripts/revengeofthejedi.txt",
        "m490": "http://www.horrorlair.com/scripts/rhps.txt",
        "m491": "http://www.dailyscript.com/scripts/Rocky.txt",
        "m492": "http://www.scifiscripts.com/cartoon/roger-rabbit.htm",
        "m493": "http://www.awesomefilm.com/script/romeo+juliet.txt",
        "m494": "http://www.dailyscript.com/scripts/ronin_early.html",
        "m495": "http://home.earthlink.net/~bhb1/scripts/rt9/route_9.html",
        "m496": "http://www.dailyscript.com/scripts/rush_hour_2.html",
        "m497": "http://www.dailyscript.com/scripts/RushHour.html",
        "m498": "http://www.awesomefilm.com/script/rwbride.html",
        "m499": "http://www.awesomefilm.com/script/s_seatl.html",
        "m500": "http://www.aellea.com/script/salt.txt",
        "m501": "http://www.dailyscript.com/scripts/salton_sea.html",
        "m502": "http://www.moviescriptsandscreenplays.com/BenandMatt/savingprivateryan.txt",
        "m503": "http://www.moviescriptsandscreenplays.com/johncusack/scripts/sayanything.txt",
        "m504": "http://www.awesomefilm.com/script/schindlerslist.txt",
        "m505": "http://www.horrorlair.com/scripts/scream2.txt",
        "m506": "http://www.horrorlair.com/scripts/scream3_early_draft.txt",
        "m507": "http://www.dailyscript.com/scripts/Scream.txt",
        "m508": "http://www.horrorlair.com/scripts/se7en.html",
        "m509": "http://www.dailyscript.com/scripts/Searchers,%20The.txt",
        "m510": "http://www.horrorlair.com/scripts/sevendaystolive_2nd.html",
        "m511": "http://www.dailyscript.com/scripts/Shakespeare%20In%20Love.txt",
        "m512": "http://www.horrorlair.com/scripts/shallow.txt",
        "m513": "http://www.dailyscript.com/scripts/shampoo.html",
        "m514": "http://www.dailyscript.com/scripts/shining.html",
        "m515": "http://www.dailyscript.com/scripts/silverbullet.html",
        "m516": "http://www.scifiscripts.com/msol/sister_act.txt",
        "m517": "http://www.dailyscript.com/scripts/sleepy-hollow_shooting.html",
        "m518": "http://www.dailyscript.com/scripts/Sling%20Blade.txt",
        "m519": "http://www.awesomefilm.com/script/smoke.txt",
        "m520": "http://www.dailyscript.com/scripts/snow-falling_shooting.html",
        "m521": "http://www.dailyscript.com/scripts/soldier.html",
        "m522": "http://www.dailyscript.com/scripts/Some+Like+It+Hot.txt",
        "m523": "http://www.dailyscript.com/scripts/somethingborrowed.html",
        "m524": "http://www.aellea.com/script/sounder.txt",
        "m525": "http://www.dailyscript.com/scripts/south-park.html",
        "m526": "http://www.scifiscripts.com/scripts/spaceJacked.txt",
        "m527": "http://www.dailyscript.com/scripts/spareme.html",
        "m528": "http://www.dailyscript.com/scripts/sphere_shooting.html",
        "m529": "http://www.scifiscripts.com/scripts/star_wars_3rd.txt",
        "m530": "http://www.scifiscripts.com/scripts/starship_troopers.txt",
        "m531": "http://www.dailyscript.com/scripts/startrek01.html",
        "m532": "http://www.dailyscript.com/scripts/State+And+Main.txt",
        "m533": "http://www.dailyscript.com/scripts/stepmom.html",
        "m534": "http://www.dailyscript.com/scripts/storytelling.html",
        "m535": "http://www.horrorlair.com/scripts/strangehold.txt",
        "m536": "http://www.visual-memory.co.uk/amk/doc/0055.html",
        "m537": "http://www.awesomefilm.com/script/suburbia.html",
        "m538": "http://www.dailyscript.com/scripts/sugarandspice.html",
        "m539": "http://www.dailyscript.com/scripts/sunset_bld_3_21_49.html",
        "m540": "http://www.scifiscripts.com/scripts/supergirl.txt",
        "m541": "http://www.scifiscripts.com/scripts/superman3_script.txt",
        "m542": "http://www.scifiscripts.com/scripts/supermanii_scriptment_2_76.txt",
        "m543": "http://www.scifiscripts.com/scripts/superman_IV.txt",
        "m544": "http://www.scifiscripts.com/scripts/superman_original.txt",
        "m545": "http://www.dailyscript.com/scripts/sweethereafter.html",
        "m546": "http://www.dailyscript.com/scripts/sweetsmell.html",
        "m547": "http://www.scifiscripts.com/scripts/t2.txt",
        "m548": "http://www.dailyscript.com/scripts/takingsides.html",
        "m549": "http://www.scifiscripts.com/scripts/terminator_1_4th_draft.txt",
        "m550": "http://www.dailyscript.com/scripts/the-game-early.html",
        "m551": "http://www.dailyscript.com/scripts/the-haunting_production.html",
        "m552": "http://www.dailyscript.com/scripts/the-limey.html",
        "m553": "http://www.dailyscript.com/scripts/Man%20Who%20Wasn't%20There,%20The.txt",
        "m554": "http://www.dailyscript.com/scripts/the-relic_early.html",
        "m555": "http://www.dailyscript.com/scripts/the-truman-show_shooting.html",
        "m556": "http://www.dailyscript.com/scripts/the-x-files_production.html",
        "m557": "http://www.dailyscript.com/scripts/the_cell.html",
        "m558": "http://www.dailyscript.com/scripts/the_third_man.html",
        "m559": "http://www.scifiscripts.com/msol/beach/script01_15.htm",
        "m560": "http://www.dailyscript.com/scripts/thebeliever.html",
        "m561": "http://www.dailyscript.com/scripts/thebigblue.html",
        "m562": "http://www.dailyscript.com/scripts/thehebrewhammer.html",
        "m563": "http://www.dailyscript.com/scripts/theleopardman.htm",
        "m564": "http://www.alibi-books.com/thelostson/thelostson.htm",
        "m565": "http://www.awesomefilm.com/script/themessenger.txt",
        "m566": "http://www.dailyscript.com/scripts/Pianist,%20The.txt",
        "m567": "http://www.dailyscript.com/scripts/thepianolesson.html",
        "m568": "http://www.dailyscript.com/scripts/Sting,%20The.txt",
        "m569": "http://www.geocities.com/kingrr/thin.html",
        "m570": "http://www.dailyscript.com/scripts/three-kings_unproduced.html",
        "m571": "http://www.scifiscripts.com/scripts/thx1138.txt",
        "m572": "http://www.dailyscript.com/scripts/ticker.html",
        "m573": "http://www.aellea.com/emruf3/tip.html",
        "m574": "http://www.dailyscript.com/scripts/Titanic.txt",
        "m575": "http://www.aellea.com/emruf3/tm.html",
        "m576": "http://www.dailyscript.com/scripts/tomb_stone.html",
        "m577": "http://www.awesomefilm.com/script/tomorrowneverdies.txt",
        "m578": "http://www.dailyscript.com/scripts/tosleepwithanger.html",
        "m579": "http://www.dailyscript.com/scripts/toy_story.html",
        "m580": "http://www.aellea.com/emruf3/toyshop.html",
        "m581": "http://www.dailyscript.com/scripts/Traffic.txt",
        "m582": "http://www.awesomefilm.com/script/trainspotting.html",
        "m583": "http://www.scifiscripts.com/scripts/trek5.txt",
        "m584": "http://www.scifiscripts.com/scripts/tron.txt",
        "m585": "http://www.awesomefilm.com/script/truelies.txt",
        "m586": "http://www.awesomefilm.com/script/trueromance.html",
        "m587": "http://www.horrorlair.com/scripts/twelvemonkeys.html",
        "m588": "http://www.dailyscript.com/scripts/u-turn_early.html",
        "m589": "http://www.dailyscript.com/scripts/u-turn_shooting.html",
        "m590": "http://www.dailyscript.com/scripts/Unbreakable.txt",
        "m591": "http://www.dailyscript.com/scripts/Unforgiven.txt",
        "m592": "http://www.dailyscript.com/scripts/Usual%20Suspects,%20The.txt",
        "m593": "http://www.scifiscripts.com/msol/verdict.txt",
        "m594": "http://www.dailyscript.com/scripts/Vertigo.txt",
        "m595": "http://www.dailyscript.com/scripts/Very+Bad+Things.txt",
        "m596": "http://www.aellea.com/script/viridiana.txt",
        "m597": "http://www.dailyscript.com/scripts/virtuosity.html",
        "m598": "http://www.dailyscript.com/scripts/wag-the-dog_production.html",
        "m599": "http://www.dailyscript.com/scripts/wall_street.html",
        "m600": "http://www.horrorlair.com/scripts/waxwork.txt",
        "m601": "http://www.dailyscript.com/scripts/What+Lies+Beneath.txt",
        "m602": "http://www.awesomefilm.com/script/whatwomenwant.html",
        "m603": "http://www.scifiscripts.com/scripts/whitching_hour.txt",
        "m604": "http://www.horrorlair.com/scripts/whiteang.txt",
        "m605": "http://www.cvisual.com/film-techniques/whos-your-daddy-by-maria-veltre-and-jack-sekowski.txt",
        "m606": "http://www.dailyscript.com/scripts/Wild+Things.txt",
        "m607": "http://www.scifiscripts.com/scripts/wildwest.txt",
        "m608": "http://www.scifiscripts.com/scripts/willow.txt",
        "m609": "http://www.dailyscript.com/scripts/Witness.txt",
        "m610": "http://www.scifiscripts.com/scripts/wizoz.txt",
        "m611": "http://www.awesomefilm.com/script/worldisnotenough.txt",
        "m612": "http://www.scifiscripts.com/scripts/wtchmn.txt",
        "m613": "http://www.dailyscript.com/scripts/xXx.txt",
        "m614": "http://www.scifiscripts.com/scripts/xmenthing.txt",
        "m615": "http://www.horrorlair.com/scripts/young.txt",
        "m616": "http://www.aellea.com/script/zuludawn.txt"
    },
    "name": "Cornell Movie-Dialogs Corpus"
}