{
    "utterances-index": {
        "movie_id": [
            "<class 'str'>"
        ],
        "parsed": [
            "<class 'list'>"
        ]
    },
    "speakers-index": {
        "character_name": [
            "<class 'str'>"
        ],
        "movie_idx": [
            "<class 'str'>"
        ],
        "movie_name": [
            "<class 'str'>"
        ],
        "gender": [
            "<class 'str'>"
        ],
        "credit_pos": [
            "<class 'str'>"
        ]
    },
    "conversations-index": {
        "movie_idx": [
            "<class 'str'>"
        ],
        "movie_name": [
            "<class 'str'>"
        ],
        "release_year": [
            "<class 'str'>"
        ],
        "rating": [
            "<class 'str'>"
        ],
        "votes": [
            "<class 'str'>"
        ],
        "genre": [
            "<class 'str'>"
        ]
    },
    "overall-index": {
        "url": [
            "<class 'dict'>"
        ],
        "name": [
            "<class 'str'>"
        ]
    },
    "version": 1,
    "vectors": []
}